Injection_Sequence,Acqusition_Time_Stamp,Sample_Name,QC_Sample_Type,Vial_Position
1,2020-02-17 15:56:00 UTC,PBLK1,PBLK,P1-A1
2,2020-02-17 16:11:00 UTC,Dilutions_20_A,RQC,P1-A2
3,2020-02-17 16:27:00 UTC,Dilutions_40_A,RQC,P1-A3
4,2020-02-17 16:43:00 UTC,Dilutions_60_A,RQC,P1-A4
5,2020-02-17 16:58:00 UTC,Dilutions_80_A,RQC,P1-A5
6,2020-02-17 17:14:00 UTC,Dilutions_100_A,RQC,P1-A6
7,2020-02-17 17:30:00 UTC,Dilutions_150_A,RQC,P1-A7
8,2020-02-17 17:46:00 UTC,LTR01,LTR,P1-A8
9,2020-02-17 18:01:00 UTC,NIST01,NIST,P1-A9
10,2020-02-17 18:17:00 UTC,TQC001,TQC,P1-B1
11,2020-02-17 18:33:00 UTC,TQC002,TQC,P1-B2
12,2020-02-17 18:48:00 UTC,BQC001,BQC,P1-B3
13,2020-02-17 19:04:00 UTC,BQC002,BQC,P1-B4
14,2020-02-17 19:20:00 UTC,MW 449,SPL,P1-B5
15,2020-02-17 19:35:00 UTC,MW 310,SPL,P1-B6
16,2020-02-17 19:51:00 UTC,MW 188,SPL,P1-B7
17,2020-02-17 20:07:00 UTC,MW 402,SPL,P1-B8
18,2020-02-17 20:23:00 UTC,MW 385,SPL,P1-B9
19,2020-02-17 20:38:00 UTC,MW 149,SPL,P1-C1
20,2020-02-17 20:54:00 UTC,MW 051,SPL,P1-C2
21,2020-02-17 21:10:00 UTC,MW 223,SPL,P1-C3
22,2020-02-17 21:25:00 UTC,MW 468,SPL,P1-C4
23,2020-02-17 21:41:00 UTC,MW 293,SPL,P1-C5
24,2020-02-17 21:57:00 UTC,TQC003,TQC,P1-C6
25,2020-02-17 22:13:00 UTC,BQC003,BQC,P1-C7
26,2020-02-17 22:28:00 UTC,MW 047,SPL,P1-C8
27,2020-02-17 22:44:00 UTC,MW 007,SPL,P1-C9
28,2020-02-17 23:00:00 UTC,MW 011,SPL,P1-D1
29,2020-02-17 23:15:00 UTC,MW 209,SPL,P1-D2
30,2020-02-17 23:31:00 UTC,MW 200,SPL,P1-D3
31,2020-02-17 23:47:00 UTC,MW 025,SPL,P1-D4
32,2020-02-18 00:03:00 UTC,MW 522,SPL,P1-D5
33,2020-02-18 00:18:00 UTC,MW 510,SPL,P1-D6
34,2020-02-18 00:34:00 UTC,MW 247,SPL,P1-D7
35,2020-02-18 00:50:00 UTC,MW 021,SPL,P1-D8
36,2020-02-18 01:05:00 UTC,TQC004,TQC,P1-D9
37,2020-02-18 01:21:00 UTC,BQC004,BQC,P1-E1
38,2020-02-18 01:37:00 UTC,MW 110,SPL,P1-E2
39,2020-02-18 01:53:00 UTC,MW 413,SPL,P1-E3
40,2020-02-18 02:08:00 UTC,MW 281,SPL,P1-E4
41,2020-02-18 02:24:00 UTC,MW 037,SPL,P1-E5
42,2020-02-18 02:40:00 UTC,MW 364,SPL,P1-E6
43,2020-02-18 02:55:00 UTC,MW 048,SPL,P1-E7
44,2020-02-18 03:11:00 UTC,MW 152,SPL,P1-E8
45,2020-02-18 03:27:00 UTC,MW 189,SPL,P1-E9
46,2020-02-18 03:42:00 UTC,MW 224,SPL,P1-F1
47,2020-02-18 03:58:00 UTC,MW 329,SPL,P1-F2
48,2020-02-18 04:14:00 UTC,TQC005,TQC,P1-F3
49,2020-02-18 04:30:00 UTC,BQC005,BQC,P1-F4
50,2020-02-18 04:45:00 UTC,MW 235,SPL,P1-F5
51,2020-02-18 05:01:00 UTC,MW 159,SPL,P1-F6
52,2020-02-18 05:17:00 UTC,MW 133,SPL,P1-F7
53,2020-02-18 05:32:00 UTC,MW 437,SPL,P1-F8
54,2020-02-18 05:48:00 UTC,MW 548,SPL,P1-F9
55,2020-02-18 06:04:00 UTC,MW 028,SPL,P2-A1
56,2020-02-18 06:19:00 UTC,MW 278,SPL,P2-A2
57,2020-02-18 06:35:00 UTC,MW 180,SPL,P2-A3
58,2020-02-18 06:51:00 UTC,MW 034,SPL,P2-A4
59,2020-02-18 07:07:00 UTC,MW 077,SPL,P2-A5
60,2020-02-18 07:22:00 UTC,TQC006,TQC,P2-A6
61,2020-02-18 07:38:00 UTC,BQC006,BQC,P2-A7
62,2020-02-18 07:54:00 UTC,MW 107,SPL,P2-A8
63,2020-02-18 08:09:00 UTC,MW 211,SPL,P2-A9
64,2020-02-18 08:25:00 UTC,MW 319,SPL,P2-B1
65,2020-02-18 08:41:00 UTC,MW 221,SPL,P2-B2
66,2020-02-18 08:57:00 UTC,MW 478,SPL,P2-B3
67,2020-02-18 09:12:00 UTC,MW 070,SPL,P2-B4
68,2020-02-18 09:28:00 UTC,MW 546,SPL,P2-B5
69,2020-02-18 09:44:00 UTC,MW 446,SPL,P2-B6
70,2020-02-18 09:59:00 UTC,MW 154,SPL,P2-B7
71,2020-02-18 10:15:00 UTC,MW 359,SPL,P2-B8
72,2020-02-18 10:31:00 UTC,TQC007,TQC,P2-B9
73,2020-02-18 10:47:00 UTC,BQC007,BQC,P2-C1
74,2020-02-18 11:02:00 UTC,MW 043,SPL,P2-C2
75,2020-02-18 11:18:00 UTC,MW 304,SPL,P2-C3
76,2020-02-18 11:34:00 UTC,MW 298,SPL,P2-C4
77,2020-02-18 11:49:00 UTC,MW 191,SPL,P2-C5
78,2020-02-18 12:05:00 UTC,MW 117,SPL,P2-C6
79,2020-02-18 12:21:00 UTC,MW 383,SPL,P2-C7
80,2020-02-18 12:36:00 UTC,MW 361,SPL,P2-C8
81,2020-02-18 12:52:00 UTC,MW 407,SPL,P2-C9
82,2020-02-18 13:08:00 UTC,MW 044,SPL,P2-D1
83,2020-02-18 13:24:00 UTC,MW 059,SPL,P2-D2
84,2020-02-18 13:39:00 UTC,MW 366,SPL,P2-D3
85,2020-02-18 13:55:00 UTC,TQC008,TQC,P2-D4
86,2020-02-18 14:11:00 UTC,BQC008,BQC,P2-D5
87,2020-02-18 14:26:00 UTC,MW 471,SPL,P2-D6
88,2020-02-18 14:42:00 UTC,MW 295,SPL,P2-D7
89,2020-02-18 14:58:00 UTC,MW 171,SPL,P2-D8
90,2020-02-18 15:14:00 UTC,MW 058,SPL,P2-D9
91,2020-02-18 15:29:00 UTC,MW 370,SPL,P2-E1
92,2020-02-18 15:45:00 UTC,MW 330,SPL,P2-E2
93,2020-02-18 16:01:00 UTC,MW 140,SPL,P2-E3
94,2020-02-18 16:16:00 UTC,MW 567,SPL,P2-E4
95,2020-02-18 16:32:00 UTC,MW 229,SPL,P2-E5
96,2020-02-18 16:48:00 UTC,MW 056,SPL,P2-E6
97,2020-02-18 17:04:00 UTC,TQC009,TQC,P2-E7
98,2020-02-18 17:19:00 UTC,BQC009,BQC,P2-E8
99,2020-02-18 17:35:00 UTC,MW 351,SPL,P2-E9
100,2020-02-18 17:51:00 UTC,MW 115,SPL,P2-F1
101,2020-02-18 18:06:00 UTC,MW 308,SPL,P2-F2
102,2020-02-18 18:22:00 UTC,MW 327,SPL,P2-F3
103,2020-02-18 18:38:00 UTC,MW 098,SPL,P2-F4
104,2020-02-18 18:54:00 UTC,MW 222,SPL,P2-F5
105,2020-02-18 19:09:00 UTC,MW 175,SPL,P2-F6
106,2020-02-18 19:25:00 UTC,MW 210,SPL,P2-F7
107,2020-02-18 19:41:00 UTC,MW 249,SPL,P2-F8
108,2020-02-18 19:56:00 UTC,MW 445,SPL,P2-F9
109,2020-02-18 20:12:00 UTC,TQC010,TQC,P1-A1
110,2020-02-18 20:28:00 UTC,BQC010,BQC,P1-A2
111,2020-02-18 20:44:00 UTC,MW 148,SPL,P1-A3
112,2020-02-18 20:59:00 UTC,MW 398,SPL,P1-A4
113,2020-02-18 21:15:00 UTC,MW 358,SPL,P1-A5
114,2020-02-18 21:31:00 UTC,MW 185,SPL,P1-A6
115,2020-02-18 21:46:00 UTC,MW 143,SPL,P1-A7
116,2020-02-18 22:02:00 UTC,MW 341,SPL,P1-A8
117,2020-02-18 22:18:00 UTC,MW 084,SPL,P1-A9
118,2020-02-18 22:34:00 UTC,MW 482,SPL,P1-B1
119,2020-02-18 22:49:00 UTC,MW 355,SPL,P1-B2
120,2020-02-18 23:05:00 UTC,MW 456,SPL,P1-B3
121,2020-02-18 23:21:00 UTC,MW 323,SPL,P1-B4
122,2020-02-18 23:36:00 UTC,MW 128,SPL,P1-B5
123,2020-02-18 23:52:00 UTC,MW 316,SPL,P1-B6
124,2020-02-19 00:08:00 UTC,TQC011,TQC,P1-B7
125,2020-02-19 00:24:00 UTC,BQC011,BQC,P1-B8
126,2020-02-19 00:39:00 UTC,MW 436,SPL,P1-B9
127,2020-02-19 00:55:00 UTC,MW 309,SPL,P1-C1
128,2020-02-19 01:11:00 UTC,MW 524,SPL,P1-C2
129,2020-02-19 01:26:00 UTC,MW 150,SPL,P1-C3
130,2020-02-19 01:42:00 UTC,MW 193,SPL,P1-C4
131,2020-02-19 01:58:00 UTC,MW 172,SPL,P1-C5
132,2020-02-19 02:13:00 UTC,MW 103,SPL,P1-C6
133,2020-02-19 02:29:00 UTC,MW 240,SPL,P1-C7
134,2020-02-19 02:45:00 UTC,MW 228,SPL,P1-C8
135,2020-02-19 03:01:00 UTC,MW 360,SPL,P1-C9
136,2020-02-19 03:16:00 UTC,TQC012,TQC,P1-D1
137,2020-02-19 03:32:00 UTC,BQC012,BQC,P1-D2
138,2020-02-19 03:48:00 UTC,MW 357,SPL,P1-D3
139,2020-02-19 04:03:00 UTC,MW 439,SPL,P1-D4
140,2020-02-19 04:19:00 UTC,MW 400,SPL,P1-D5
141,2020-02-19 04:35:00 UTC,MW 205,SPL,P1-D6
142,2020-02-19 04:51:00 UTC,MW 020,SPL,P1-D7
143,2020-02-19 05:06:00 UTC,MW 368,SPL,P1-D8
144,2020-02-19 05:22:00 UTC,MW 194,SPL,P1-D9
145,2020-02-19 05:38:00 UTC,MW 204,SPL,P1-E1
146,2020-02-19 05:53:00 UTC,MW 053,SPL,P1-E2
147,2020-02-19 06:09:00 UTC,MW 009,SPL,P1-E3
148,2020-02-19 06:25:00 UTC,TQC013,TQC,P1-E4
149,2020-02-19 06:41:00 UTC,BQC013,BQC,P1-E5
150,2020-02-19 06:56:00 UTC,MW 177,SPL,P1-E6
151,2020-02-19 07:12:00 UTC,MW 072,SPL,P1-E7
152,2020-02-19 07:28:00 UTC,MW 096,SPL,P1-E8
153,2020-02-19 07:43:00 UTC,MW 367,SPL,P1-E9
154,2020-02-19 07:59:00 UTC,MW 342,SPL,P1-F1
155,2020-02-19 08:15:00 UTC,MW 569,SPL,P1-F2
156,2020-02-19 08:30:00 UTC,MW 529,SPL,P1-F3
157,2020-02-19 08:46:00 UTC,MW 433,SPL,P1-F4
158,2020-02-19 09:02:00 UTC,MW 197,SPL,P1-F5
159,2020-02-19 09:18:00 UTC,MW 404,SPL,P1-F6
160,2020-02-19 09:33:00 UTC,MW 393,SPL,P1-F7
161,2020-02-19 09:49:00 UTC,TQC014,TQC,P1-F8
162,2020-02-19 10:05:00 UTC,BQC014,BQC,P1-F9
163,2020-02-19 10:20:00 UTC,MW 264,SPL,P2-A1
164,2020-02-19 10:36:00 UTC,MW 080,SPL,P2-A2
165,2020-02-19 10:52:00 UTC,MW 258,SPL,P2-A3
166,2020-02-19 11:08:00 UTC,MW 186,SPL,P2-A4
167,2020-02-19 11:23:00 UTC,MW 473,SPL,P2-A5
168,2020-02-19 11:39:00 UTC,MW 116,SPL,P2-A6
169,2020-02-19 11:55:00 UTC,MW 453,SPL,P2-A7
170,2020-02-19 12:10:00 UTC,MW 408,SPL,P2-A8
171,2020-02-19 12:26:00 UTC,MW 092,SPL,P2-A9
172,2020-02-19 12:42:00 UTC,MW 218,SPL,P2-B1
173,2020-02-19 12:58:00 UTC,TQC015,TQC,P2-B2
174,2020-02-19 13:13:00 UTC,BQC015,BQC,P2-B3
175,2020-02-19 13:29:00 UTC,MW 124,SPL,P2-B4
176,2020-02-19 13:45:00 UTC,MW 491,SPL,P2-B5
177,2020-02-19 14:00:00 UTC,MW 303,SPL,P2-B6
178,2020-02-19 14:16:00 UTC,MW 506,SPL,P2-B7
179,2020-02-19 14:32:00 UTC,MW 414,SPL,P2-B8
180,2020-02-19 14:48:00 UTC,MW 237,SPL,P2-B9
181,2020-02-19 15:03:00 UTC,MW 396,SPL,P2-C1
182,2020-02-19 15:19:00 UTC,MW 145,SPL,P2-C2
183,2020-02-19 15:35:00 UTC,MW 332,SPL,P2-C3
184,2020-02-19 15:50:00 UTC,MW 136,SPL,P2-C4
185,2020-02-19 16:06:00 UTC,TQC016,TQC,P2-C5
186,2020-02-19 16:22:00 UTC,BQC016,BQC,P2-C6
187,2020-02-19 16:38:00 UTC,MW 027,SPL,P2-C7
188,2020-02-19 16:53:00 UTC,MW 498,SPL,P2-C8
189,2020-02-19 17:09:00 UTC,MW 038,SPL,P2-C9
190,2020-02-19 17:25:00 UTC,MW 405,SPL,P2-D1
191,2020-02-19 17:40:00 UTC,MW 163,SPL,P2-D2
192,2020-02-19 17:56:00 UTC,MW 455,SPL,P2-D3
193,2020-02-19 18:12:00 UTC,MW 151,SPL,P2-D4
194,2020-02-19 18:28:00 UTC,MW 262,SPL,P2-D5
195,2020-02-19 18:43:00 UTC,MW 142,SPL,P2-D6
196,2020-02-19 18:59:00 UTC,MW 049,SPL,P2-D7
197,2020-02-19 19:15:00 UTC,MW 123,SPL,P2-D8
198,2020-02-19 19:30:00 UTC,TQC017,TQC,P2-D8
199,2020-02-19 19:46:00 UTC,BQC017,BQC,P2-D9
200,2020-02-19 20:02:00 UTC,MW 138,SPL,P2-E2
201,2020-02-19 20:18:00 UTC,MW 144,SPL,P2-E3
202,2020-02-19 20:33:00 UTC,MW 090,SPL,P2-E4
203,2020-02-19 20:49:00 UTC,MW 372,SPL,P2-E5
204,2020-02-19 21:05:00 UTC,MW 064,SPL,P2-E6
205,2020-02-19 21:20:00 UTC,MW 178,SPL,P2-E7
206,2020-02-19 21:36:00 UTC,MW 109,SPL,P2-E8
207,2020-02-19 21:52:00 UTC,MW 296,SPL,P2-E9
208,2020-02-19 22:07:00 UTC,MW 054,SPL,P2-F1
209,2020-02-19 22:23:00 UTC,MW 384,SPL,P2-F2
210,2020-02-19 22:39:00 UTC,TQC018,TQC,P2-F3
211,2020-02-19 22:55:00 UTC,BQC018,BQC,P2-F4
212,2020-02-19 23:10:00 UTC,MW 273,SPL,P2-F5
213,2020-02-19 23:26:00 UTC,MW 114,SPL,P2-F6
214,2020-02-19 23:42:00 UTC,MW 499,SPL,P2-F7
215,2020-02-19 23:57:00 UTC,MW 545,SPL,P2-F8
216,2020-02-20 00:13:00 UTC,MW 208,SPL,P2-F9
217,2020-02-20 00:29:00 UTC,MW 525,SPL,P1-A1
218,2020-02-20 00:45:00 UTC,MW 016,SPL,P1-A2
219,2020-02-20 01:00:00 UTC,MW 540,SPL,P1-A3
220,2020-02-20 01:16:00 UTC,MW 082,SPL,P1-A4
221,2020-02-20 01:32:00 UTC,MW 532,SPL,P1-A5
222,2020-02-20 01:47:00 UTC,TQC019,TQC,P1-A6
223,2020-02-20 02:03:00 UTC,BQC019,BQC,P1-A7
224,2020-02-20 02:19:00 UTC,MW 214,SPL,P1-A8
225,2020-02-20 02:35:00 UTC,MW 386,SPL,P1-A9
226,2020-02-20 02:50:00 UTC,MW 460,SPL,P1-B1
227,2020-02-20 03:06:00 UTC,MW 557,SPL,P1-B2
228,2020-02-20 03:22:00 UTC,MW 411,SPL,P1-B3
229,2020-02-20 03:37:00 UTC,MW 040,SPL,P1-B4
230,2020-02-20 03:53:00 UTC,MW 094,SPL,P1-B5
231,2020-02-20 04:09:00 UTC,MW 552,SPL,P1-B6
232,2020-02-20 04:24:00 UTC,MW 306,SPL,P1-B7
233,2020-02-20 04:40:00 UTC,MW 068,SPL,P1-B8
234,2020-02-20 04:56:00 UTC,TQC020,TQC,P1-B9
235,2020-02-20 05:12:00 UTC,BQC020,BQC,P1-C1
236,2020-02-20 05:27:00 UTC,TQC021,TQC,P1-C2
237,2020-02-20 05:43:00 UTC,BQC021,BQC,P1-C3
238,2020-02-20 05:59:00 UTC,LTR02,LTR,P1-C4
239,2020-02-20 06:14:00 UTC,NIST02,NIST,P1-C5
240,2020-02-20 06:30:00 UTC,PBLK02,PBLK,P1-C6
241,2020-02-20 06:46:00 UTC,MW 518,SPL,P1-C7
242,2020-02-20 07:02:00 UTC,MW 365,SPL,P1-C8
243,2020-02-20 07:17:00 UTC,MW 169,SPL,P1-C9
244,2020-02-20 07:33:00 UTC,MW 302,SPL,P1-D1
245,2020-02-20 07:49:00 UTC,MW 088,SPL,P1-D2
246,2020-02-20 08:04:00 UTC,MW 331,SPL,P1-D3
247,2020-02-20 08:20:00 UTC,MW 346,SPL,P1-D4
248,2020-02-20 08:36:00 UTC,MW 198,SPL,P1-D5
249,2020-02-20 08:52:00 UTC,MW 226,SPL,P1-D6
250,2020-02-20 09:07:00 UTC,TQC022,TQC,P1-D7
251,2020-02-20 09:23:00 UTC,BQC022,BQC,P1-D8
252,2020-02-20 09:39:00 UTC,MW 245,SPL,P1-D9
253,2020-02-20 09:54:00 UTC,MW 349,SPL,P1-E1
254,2020-02-20 10:10:00 UTC,MW 002,SPL,P1-E2
255,2020-02-20 10:26:00 UTC,MW 443,SPL,P1-E3
256,2020-02-20 10:41:00 UTC,MW 254,SPL,P1-E4
257,2020-02-20 10:57:00 UTC,MW 206,SPL,P1-E5
258,2020-02-20 11:13:00 UTC,MW 389,SPL,P1-E6
259,2020-02-20 11:29:00 UTC,MW 380,SPL,P1-E7
260,2020-02-20 11:44:00 UTC,MW 026,SPL,P1-E8
261,2020-02-20 12:00:00 UTC,MW 388,SPL,P1-E9
262,2020-02-20 12:16:00 UTC,TQC023,TQC,P1-F1
263,2020-02-20 12:31:00 UTC,BQC023,BQC,P1-F2
264,2020-02-20 12:47:00 UTC,MW 272,SPL,P1-F3
265,2020-02-20 13:03:00 UTC,MW 164,SPL,P1-F4
266,2020-02-20 13:19:00 UTC,MW 284,SPL,P1-F5
267,2020-02-20 13:34:00 UTC,MW 267,SPL,P1-F6
268,2020-02-20 13:50:00 UTC,MW 201,SPL,P1-F7
269,2020-02-20 14:06:00 UTC,MW 427,SPL,P1-F8
270,2020-02-20 14:21:00 UTC,MW 317,SPL,P1-F9
271,2020-02-20 14:37:00 UTC,MW 271,SPL,P2-A1
272,2020-02-20 14:53:00 UTC,MW 085,SPL,P2-A2
273,2020-02-20 15:09:00 UTC,TQC024,TQC,P2-A3
274,2020-02-20 15:24:00 UTC,BQC024,BQC,P2-A4
275,2020-02-20 15:40:00 UTC,MW 274,SPL,P2-A5
276,2020-02-20 15:56:00 UTC,MW 318,SPL,P2-A6
277,2020-02-20 16:11:00 UTC,MW 132,SPL,P2-A7
278,2020-02-20 16:27:00 UTC,MW 481,SPL,P2-A8
279,2020-02-20 16:43:00 UTC,MW 300,SPL,P2-A9
280,2020-02-20 16:59:00 UTC,MW 371,SPL,P2-B1
281,2020-02-20 17:14:00 UTC,MW 248,SPL,P2-B2
282,2020-02-20 17:30:00 UTC,MW 041,SPL,P2-B3
283,2020-02-20 17:46:00 UTC,MW 283,SPL,P2-B4
284,2020-02-20 18:01:00 UTC,MW 465,SPL,P2-B5
285,2020-02-20 18:17:00 UTC,TQC025,TQC,P2-B6
286,2020-02-20 18:33:00 UTC,BQC025,BQC,P2-B7
287,2020-02-20 18:48:00 UTC,MW 554,SPL,P2-B8
288,2020-02-20 19:04:00 UTC,MW 275,SPL,P2-B9
289,2020-02-20 19:20:00 UTC,MW 015,SPL,P2-C1
290,2020-02-20 19:36:00 UTC,MW 236,SPL,P2-C2
291,2020-02-20 19:51:00 UTC,MW 528,SPL,P2-C3
292,2020-02-20 20:07:00 UTC,MW 377,SPL,P2-C4
293,2020-02-20 20:23:00 UTC,MW 322,SPL,P2-C5
294,2020-02-20 20:38:00 UTC,MW 489,SPL,P2-C6
295,2020-02-20 20:54:00 UTC,MW 157,SPL,P2-C7
296,2020-02-20 21:10:00 UTC,MW 338,SPL,P2-C8
297,2020-02-20 21:26:00 UTC,TQC026,TQC,P2-C9
298,2020-02-20 21:41:00 UTC,BQC026,BQC,P2-D1
299,2020-02-20 21:57:00 UTC,MW 513,SPL,P2-D2
300,2020-02-20 22:13:00 UTC,MW 472,SPL,P2-D3
301,2020-02-20 22:28:00 UTC,MW 415,SPL,P2-D4
302,2020-02-20 22:44:00 UTC,MW 382,SPL,P2-D5
303,2020-02-20 23:00:00 UTC,MW 137,SPL,P2-D6
304,2020-02-20 23:15:00 UTC,MW 467,SPL,P2-D7
305,2020-02-20 23:31:00 UTC,MW 438,SPL,P2-D8
306,2020-02-20 23:47:00 UTC,MW 231,SPL,P2-D9
307,2020-02-21 00:03:00 UTC,MW 403,SPL,P2-E1
308,2020-02-21 00:18:00 UTC,TQC027,TQC,P2-E2
309,2020-02-21 00:34:00 UTC,BQC027,BQC,P2-E3
310,2020-02-21 00:50:00 UTC,MW 126,SPL,P2-E4
311,2020-02-21 01:05:00 UTC,MW 531,SPL,P2-E5
312,2020-02-21 01:21:00 UTC,MW 429,SPL,P2-E6
313,2020-02-21 01:37:00 UTC,MW 113,SPL,P2-E7
314,2020-02-21 01:53:00 UTC,MW 182,SPL,P2-E8
315,2020-02-21 02:08:00 UTC,MW 071,SPL,P2-E9
316,2020-02-21 02:24:00 UTC,MW 305,SPL,P2-F1
317,2020-02-21 02:40:00 UTC,MW 003,SPL,P2-F2
318,2020-02-21 02:55:00 UTC,MW 010,SPL,P2-F3
319,2020-02-21 03:11:00 UTC,MW 392,SPL,P2-F4
320,2020-02-21 03:27:00 UTC,TQC028,TQC,P2-F5
321,2020-02-21 03:43:00 UTC,BQC028,BQC,P2-F6
322,2020-02-21 03:58:00 UTC,MW 374,SPL,P2-F7
323,2020-02-21 04:14:00 UTC,MW 551,SPL,P2-F8
324,2020-02-21 04:30:00 UTC,MW 029,SPL,P2-F9
325,2020-02-21 04:45:00 UTC,MW 559,SPL,P1-A1
326,2020-02-21 05:01:00 UTC,MW 075,SPL,P1-A2
327,2020-02-21 05:17:00 UTC,MW 339,SPL,P1-A3
328,2020-02-21 05:32:00 UTC,MW 256,SPL,P1-A4
329,2020-02-21 05:48:00 UTC,MW 042,SPL,P1-A5
330,2020-02-21 06:04:00 UTC,MW 257,SPL,P1-A6
331,2020-02-21 06:20:00 UTC,MW 297,SPL,P1-A7
332,2020-02-21 06:35:00 UTC,TQC029,TQC,P1-A8
333,2020-02-21 06:51:00 UTC,BQC029,BQC,P1-A9
334,2020-02-21 07:07:00 UTC,MW 394,SPL,P1-B1
335,2020-02-21 07:22:00 UTC,MW 061,SPL,P1-B2
336,2020-02-21 07:38:00 UTC,MW 344,SPL,P1-B3
337,2020-02-21 07:54:00 UTC,MW 553,SPL,P1-B4
338,2020-02-21 08:10:00 UTC,MW 219,SPL,P1-B5
339,2020-02-21 08:25:00 UTC,MW 416,SPL,P1-B6
340,2020-02-21 08:41:00 UTC,MW 418,SPL,P1-B7
341,2020-02-21 08:57:00 UTC,MW 225,SPL,P1-B8
342,2020-02-21 09:12:00 UTC,MW 268,SPL,P1-B9
343,2020-02-21 09:28:00 UTC,MW 496,SPL,P1-C1
344,2020-02-21 09:44:00 UTC,TQC030,TQC,P1-C2
345,2020-02-21 10:00:00 UTC,BQC030,BQC,P1-C3
346,2020-02-21 10:15:00 UTC,MW 069,SPL,P1-C4
347,2020-02-21 10:31:00 UTC,MW 533,SPL,P1-C5
348,2020-02-21 10:47:00 UTC,MW 520,SPL,P1-C6
349,2020-02-21 11:02:00 UTC,MW 484,SPL,P1-C7
350,2020-02-21 11:18:00 UTC,MW 369,SPL,P1-C8
351,2020-02-21 11:34:00 UTC,MW 550,SPL,P1-C9
352,2020-02-21 11:50:00 UTC,MW 288,SPL,P1-D1
353,2020-02-21 12:05:00 UTC,MW 479,SPL,P1-D2
354,2020-02-21 12:21:00 UTC,MW 502,SPL,P1-D3
355,2020-02-21 12:37:00 UTC,MW 441,SPL,P1-D4
356,2020-02-21 12:52:00 UTC,TQC031,TQC,P1-D5
357,2020-02-21 13:08:00 UTC,BQC031,BQC,P1-D6
358,2020-02-21 13:24:00 UTC,MW 242,SPL,P1-D7
359,2020-02-21 13:39:00 UTC,MW 397,SPL,P1-D8
360,2020-02-21 13:55:00 UTC,MW 447,SPL,P1-D9
361,2020-02-21 14:11:00 UTC,MW 537,SPL,P1-E1
362,2020-02-21 14:27:00 UTC,MW 079,SPL,P1-E2
363,2020-02-21 14:42:00 UTC,MW 130,SPL,P1-E3
364,2020-02-21 14:58:00 UTC,MW 220,SPL,P1-E4
365,2020-02-21 15:14:00 UTC,MW 166,SPL,P1-E5
366,2020-02-21 15:29:00 UTC,MW 252,SPL,P1-E6
367,2020-02-21 15:45:00 UTC,MW 216,SPL,P1-E7
368,2020-02-21 16:01:00 UTC,TQC032,TQC,P1-E8
369,2020-02-21 16:17:00 UTC,BQC032,BQC,P1-E9
370,2020-02-21 16:32:00 UTC,MW 558,SPL,P1-F1
371,2020-02-21 16:48:00 UTC,MW 464,SPL,P1-F2
372,2020-02-21 17:04:00 UTC,MW 263,SPL,P1-F3
373,2020-02-21 17:19:00 UTC,MW 301,SPL,P1-F4
374,2020-02-21 17:35:00 UTC,MW 050,SPL,P1-F5
375,2020-02-21 17:51:00 UTC,MW 067,SPL,P1-F6
376,2020-02-21 18:06:00 UTC,MW 492,SPL,P1-F7
377,2020-02-21 18:22:00 UTC,MW 566,SPL,P1-F8
378,2020-02-21 18:38:00 UTC,MW 202,SPL,P1-F9
379,2020-02-21 18:54:00 UTC,MW 508,SPL,P2-A1
380,2020-02-21 19:09:00 UTC,TQC033,TQC,P2-A2
381,2020-02-21 19:25:00 UTC,BQC033,BQC,P2-A3
382,2020-02-21 19:41:00 UTC,MW 141,SPL,P2-A4
383,2020-02-21 19:56:00 UTC,MW 161,SPL,P2-A5
384,2020-02-21 20:12:00 UTC,MW 089,SPL,P2-A6
385,2020-02-21 20:28:00 UTC,MW 111,SPL,P2-A7
386,2020-02-21 20:43:00 UTC,MW 179,SPL,P2-A8
387,2020-02-21 20:59:00 UTC,MW 324,SPL,P2-A9
388,2020-02-21 21:15:00 UTC,MW 187,SPL,P2-B1
389,2020-02-21 21:31:00 UTC,MW 376,SPL,P2-B2
390,2020-02-21 21:46:00 UTC,MW 350,SPL,P2-B3
391,2020-02-21 22:02:00 UTC,MW 410,SPL,P2-B4
392,2020-02-21 22:18:00 UTC,MW 253,SPL,P2-B5
393,2020-02-21 22:33:00 UTC,MW 315,SPL,P2-B6
394,2020-02-21 22:49:00 UTC,TQC034,TQC,P2-B7
395,2020-02-21 23:05:00 UTC,BQC034,BQC,P2-B8
396,2020-02-21 23:21:00 UTC,MW 406,SPL,P2-B9
397,2020-02-21 23:36:00 UTC,MW 294,SPL,P2-C1
398,2020-02-21 23:52:00 UTC,MW 018,SPL,P2-C2
399,2020-02-22 00:08:00 UTC,MW 435,SPL,P2-C3
400,2020-02-22 00:23:00 UTC,MW 127,SPL,P2-C4
401,2020-02-22 00:39:00 UTC,MW 024,SPL,P2-C5
402,2020-02-22 00:55:00 UTC,MW 251,SPL,P2-C6
403,2020-02-22 01:10:00 UTC,MW 354,SPL,P2-C7
404,2020-02-22 01:26:00 UTC,MW 170,SPL,P2-C8
405,2020-02-22 01:42:00 UTC,MW 469,SPL,P2-C9
406,2020-02-22 01:58:00 UTC,MW 121,SPL,P2-D1
407,2020-02-22 02:13:00 UTC,MW 276,SPL,P2-D2
408,2020-02-22 02:29:00 UTC,TQC035,TQC,P2-D3
409,2020-02-22 02:45:00 UTC,BQC035,BQC,P2-D4
410,2020-02-22 03:00:00 UTC,MW 081,SPL,P2-D5
411,2020-02-22 03:16:00 UTC,MW 516,SPL,P2-D6
412,2020-02-22 03:32:00 UTC,MW 238,SPL,P2-D7
413,2020-02-22 03:48:00 UTC,MW 065,SPL,P2-D8
414,2020-02-22 04:03:00 UTC,MW 160,SPL,P2-D9
415,2020-02-22 04:19:00 UTC,MW 474,SPL,P2-E1
416,2020-02-22 04:35:00 UTC,MW 001,SPL,P2-E2
417,2020-02-22 04:50:00 UTC,MW 362,SPL,P2-E3
418,2020-02-22 05:06:00 UTC,MW 560,SPL,P2-E4
419,2020-02-22 05:22:00 UTC,MW 381,SPL,P2-E5
420,2020-02-22 05:37:00 UTC,MW 430,SPL,P2-E6
421,2020-02-22 05:53:00 UTC,MW 426,SPL,P2-E7
422,2020-02-22 06:09:00 UTC,TQC036,TQC,P2-E8
423,2020-02-22 06:25:00 UTC,BQC036,BQC,P2-E9
424,2020-02-22 06:40:00 UTC,MW 425,SPL,P2-F1
425,2020-02-22 06:56:00 UTC,MW 536,SPL,P2-F2
426,2020-02-22 07:12:00 UTC,MW 260,SPL,P2-F3
427,2020-02-22 07:27:00 UTC,MW 477,SPL,P2-F4
428,2020-02-22 07:43:00 UTC,MW 017,SPL,P2-F5
429,2020-02-22 07:59:00 UTC,MW 255,SPL,P2-F6
430,2020-02-22 08:15:00 UTC,MW 561,SPL,P2-F7
431,2020-02-22 08:30:00 UTC,MW 093,SPL,P2-F8
432,2020-02-22 08:46:00 UTC,MW 333,SPL,P2-F9
433,2020-02-22 09:02:00 UTC,MW 074,SPL,P1-A1
434,2020-02-22 09:17:00 UTC,TQC037,TQC,P1-A2
435,2020-02-22 09:33:00 UTC,BQC037,BQC,P1-A3
436,2020-02-22 09:49:00 UTC,MW 032,SPL,P1-A4
437,2020-02-22 10:04:00 UTC,MW 039,SPL,P1-A5
438,2020-02-22 10:20:00 UTC,MW 390,SPL,P1-A6
439,2020-02-22 10:36:00 UTC,MW 485,SPL,P1-A7
440,2020-02-22 10:52:00 UTC,MW 457,SPL,P1-A8
441,2020-02-22 11:07:00 UTC,MW 321,SPL,P1-A9
442,2020-02-22 11:23:00 UTC,MW 534,SPL,P1-B1
443,2020-02-22 11:39:00 UTC,MW 517,SPL,P1-B2
444,2020-02-22 11:54:00 UTC,MW 232,SPL,P1-B3
445,2020-02-22 12:10:00 UTC,MW 285,SPL,P1-B4
446,2020-02-22 12:26:00 UTC,TQC038,TQC,P1-B5
447,2020-02-22 12:41:00 UTC,BQC038,BQC,P1-B6
448,2020-02-22 12:57:00 UTC,MW 269,SPL,P1-B7
449,2020-02-22 13:13:00 UTC,MW 421,SPL,P1-B8
450,2020-02-22 13:29:00 UTC,MW 129,SPL,P1-B9
451,2020-02-22 13:44:00 UTC,MW 486,SPL,P1-C1
452,2020-02-22 14:00:00 UTC,MW 174,SPL,P1-C2
453,2020-02-22 14:16:00 UTC,MW 087,SPL,P1-C3
454,2020-02-22 14:31:00 UTC,MW 076,SPL,P1-C4
455,2020-02-22 14:47:00 UTC,MW 378,SPL,P1-C5
456,2020-02-22 15:03:00 UTC,MW 448,SPL,P1-C6
457,2020-02-22 15:19:00 UTC,MW 521,SPL,P1-C7
458,2020-02-22 15:34:00 UTC,TQC039,TQC,P1-C8
459,2020-02-22 15:50:00 UTC,BQC039,BQC,P1-C9
460,2020-02-22 16:06:00 UTC,TQC040,TQC,P1-D1
461,2020-02-22 16:21:00 UTC,BQC040,BQC,P1-D2
462,2020-02-22 16:37:00 UTC,LTR03,LTR,P1-D3
463,2020-02-22 16:53:00 UTC,NIST03,NIST,P1-D4
464,2020-02-22 17:09:00 UTC,PBLK03,PBLK,P1-D5
465,2020-02-22 17:24:00 UTC,MW 461,SPL,P1-D6
466,2020-02-22 17:40:00 UTC,MW 326,SPL,P1-D7
467,2020-02-22 17:56:00 UTC,MW 181,SPL,P1-D8
468,2020-02-22 18:11:00 UTC,MW 493,SPL,P1-D9
469,2020-02-22 18:27:00 UTC,MW 488,SPL,P1-E1
470,2020-02-22 18:43:00 UTC,MW 057,SPL,P1-E2
471,2020-02-22 18:58:00 UTC,MW 153,SPL,P1-E3
472,2020-02-22 19:14:00 UTC,MW 538,SPL,P1-E4
473,2020-02-22 19:30:00 UTC,MW 183,SPL,P1-E5
474,2020-02-22 19:46:00 UTC,MW 292,SPL,P1-E6
475,2020-02-22 20:01:00 UTC,TQC041,TQC,P1-E7
476,2020-02-22 20:17:00 UTC,BQC041,BQC,P1-E8
477,2020-02-22 20:33:00 UTC,MW 139,SPL,P1-E9
478,2020-02-22 20:48:00 UTC,MW 122,SPL,P1-F1
479,2020-02-22 21:04:00 UTC,MW 420,SPL,P1-F2
480,2020-02-22 21:20:00 UTC,MW 428,SPL,P1-F3
481,2020-02-22 21:36:00 UTC,MW 207,SPL,P1-F4
482,2020-02-22 21:51:00 UTC,MW 279,SPL,P1-F5
483,2020-02-22 22:07:00 UTC,MW 176,SPL,P1-F6
484,2020-02-22 22:23:00 UTC,MW 432,SPL,P1-F7
485,2020-02-22 22:38:00 UTC,MW 337,SPL,P1-F8
486,2020-02-22 22:54:00 UTC,MW 356,SPL,P1-F9
487,2020-02-22 23:10:00 UTC,TQC042,TQC,P2-A2
488,2020-02-22 23:25:00 UTC,BQC042,BQC,P2-A3
489,2020-02-22 23:41:00 UTC,MW 444,SPL,P2-A3
490,2020-02-22 23:57:00 UTC,MW 515,SPL,P2-A4
491,2020-02-23 00:13:00 UTC,MW 282,SPL,P2-A5
492,2020-02-23 00:28:00 UTC,MW 335,SPL,P2-A6
493,2020-02-23 00:44:00 UTC,MW 412,SPL,P2-A7
494,2020-02-23 01:00:00 UTC,MW 562,SPL,P2-A8
495,2020-02-23 01:16:00 UTC,MW 539,SPL,P2-A9
496,2020-02-23 01:31:00 UTC,MW 031,SPL,P2-B1
497,2020-02-23 01:47:00 UTC,MW 307,SPL,P2-B2
498,2020-02-23 02:03:00 UTC,MW 101,SPL,P2-B3
499,2020-02-23 02:18:00 UTC,TQC043,TQC,P2-B4
500,2020-02-23 02:34:00 UTC,BQC043,BQC,P2-B5
501,2020-02-23 02:50:00 UTC,MW 563,SPL,P2-B6
502,2020-02-23 03:05:00 UTC,MW 391,SPL,P2-B7
503,2020-02-23 03:21:00 UTC,MW 434,SPL,P2-B8
504,2020-02-23 03:37:00 UTC,MW 399,SPL,P2-B9
505,2020-02-23 03:53:00 UTC,MW 514,SPL,P2-C1
506,2020-02-23 04:08:00 UTC,MW 045,SPL,P2-C2
507,2020-02-23 04:24:00 UTC,MW 259,SPL,P2-C3
508,2020-02-23 04:40:00 UTC,MW 555,SPL,P2-C4
509,2020-02-23 04:55:00 UTC,MW 217,SPL,P2-C5
510,2020-02-23 05:11:00 UTC,MW 530,SPL,P2-C6
511,2020-02-23 05:27:00 UTC,TQC044,TQC,P2-C7
512,2020-02-23 05:43:00 UTC,BQC044,BQC,P2-C8
513,2020-02-23 05:58:00 UTC,MW 463,SPL,P2-C9
514,2020-02-23 06:14:00 UTC,MW 470,SPL,P2-D1
515,2020-02-23 06:30:00 UTC,MW 480,SPL,P2-D2
516,2020-02-23 06:45:00 UTC,MW 083,SPL,P2-D3
517,2020-02-23 07:01:00 UTC,MW 055,SPL,P2-D4
518,2020-02-23 07:17:00 UTC,MW 241,SPL,P2-D5
519,2020-02-23 07:32:00 UTC,MW 409,SPL,P2-D6
520,2020-02-23 07:48:00 UTC,MW 196,SPL,P2-D7
521,2020-02-23 08:04:00 UTC,MW 184,SPL,P2-D8
522,2020-02-23 08:20:00 UTC,MW 373,SPL,P2-D9
523,2020-02-23 08:35:00 UTC,TQC045,TQC,P2-E1
524,2020-02-23 08:51:00 UTC,BQC045,BQC,P2-E2
525,2020-02-23 09:07:00 UTC,MW 504,SPL,P2-E3
526,2020-02-23 09:22:00 UTC,MW 440,SPL,P2-E4
527,2020-02-23 09:38:00 UTC,MW 290,SPL,P2-E5
528,2020-02-23 09:54:00 UTC,MW 119,SPL,P2-E6
529,2020-02-23 10:09:00 UTC,MW 162,SPL,P2-E7
530,2020-02-23 10:25:00 UTC,MW 501,SPL,P2-E8
531,2020-02-23 10:41:00 UTC,MW 507,SPL,P2-E9
532,2020-02-23 10:57:00 UTC,MW 060,SPL,P2-F1
533,2020-02-23 11:12:00 UTC,MW 100,SPL,P2-F2
534,2020-02-23 11:28:00 UTC,MW 526,SPL,P2-F3
535,2020-02-23 11:44:00 UTC,MW 289,SPL,P2-F4
536,2020-02-23 11:59:00 UTC,TQC046,TQC,P2-F5
537,2020-02-23 12:15:00 UTC,BQC046,BQC,P2-F6
538,2020-02-23 12:31:00 UTC,MW 509,SPL,P2-F7
539,2020-02-23 12:47:00 UTC,MW 490,SPL,P2-F8
540,2020-02-23 13:02:00 UTC,MW 423,SPL,P2-F9
541,2020-02-23 13:18:00 UTC,MW 451,SPL,P1-A1
542,2020-02-23 13:34:00 UTC,MW 459,SPL,P1-A2
543,2020-02-23 13:49:00 UTC,MW 108,SPL,P1-A3
544,2020-02-23 14:05:00 UTC,MW 353,SPL,P1-A4
545,2020-02-23 14:21:00 UTC,MW 299,SPL,P1-A5
546,2020-02-23 14:37:00 UTC,MW 512,SPL,P1-A6
547,2020-02-23 14:52:00 UTC,MW 475,SPL,P1-A7
548,2020-02-23 15:08:00 UTC,TQC047,TQC,P1-A8
549,2020-02-23 15:24:00 UTC,BQC047,BQC,P1-A9
550,2020-02-23 15:39:00 UTC,MW 035,SPL,P1-B1
551,2020-02-23 15:55:00 UTC,MW 500,SPL,P1-B2
552,2020-02-23 16:11:00 UTC,MW 125,SPL,P1-B3
553,2020-02-23 16:27:00 UTC,MW 173,SPL,P1-B4
554,2020-02-23 16:42:00 UTC,MW 466,SPL,P1-B5
555,2020-02-23 16:58:00 UTC,MW 495,SPL,P1-B6
556,2020-02-23 17:14:00 UTC,MW 165,SPL,P1-B7
557,2020-02-23 17:29:00 UTC,MW 336,SPL,P1-B8
558,2020-02-23 17:45:00 UTC,MW 325,SPL,P1-B9
559,2020-02-23 18:01:00 UTC,MW 483,SPL,P1-C1
560,2020-02-23 18:16:00 UTC,TQC048,TQC,P1-C2
561,2020-02-23 18:32:00 UTC,BQC048,BQC,P1-C3
562,2020-02-23 18:48:00 UTC,MW 363,SPL,P1-C4
563,2020-02-23 19:04:00 UTC,MW 104,SPL,P1-C5
564,2020-02-23 19:19:00 UTC,MW 462,SPL,P1-C6
565,2020-02-23 19:35:00 UTC,MW 199,SPL,P1-C7
566,2020-02-23 19:51:00 UTC,MW 022,SPL,P1-C8
567,2020-02-23 20:06:00 UTC,MW 454,SPL,P1-C9
568,2020-02-23 20:22:00 UTC,MW 497,SPL,P1-D1
569,2020-02-23 20:38:00 UTC,MW 542,SPL,P1-D2
570,2020-02-23 20:54:00 UTC,MW 527,SPL,P1-D3
571,2020-02-23 21:09:00 UTC,TQC049,TQC,P1-D4
572,2020-02-23 21:25:00 UTC,BQC049,BQC,P1-D5
573,2020-02-23 21:41:00 UTC,MW 270,SPL,P1-D6
574,2020-02-23 21:56:00 UTC,MW 320,SPL,P1-D7
575,2020-02-23 22:12:00 UTC,MW 233,SPL,P1-D8
576,2020-02-23 22:28:00 UTC,MW 135,SPL,P1-D9
577,2020-02-23 22:44:00 UTC,MW 287,SPL,P1-E1
578,2020-02-23 22:59:00 UTC,MW 013,SPL,P1-E2
579,2020-02-23 23:15:00 UTC,MW 556,SPL,P1-E3
580,2020-02-23 23:31:00 UTC,MW 246,SPL,P1-E4
581,2020-02-23 23:46:00 UTC,MW 422,SPL,P1-E5
582,2020-02-24 00:02:00 UTC,MW 375,SPL,P1-E6
583,2020-02-24 00:18:00 UTC,TQC050,TQC,P1-E7
584,2020-02-24 00:33:00 UTC,BQC050,BQC,P1-E8
585,2020-02-24 00:49:00 UTC,MW 006,SPL,P1-E9
586,2020-02-24 01:05:00 UTC,MW 431,SPL,P1-F1
587,2020-02-24 01:21:00 UTC,MW 568,SPL,P1-F2
588,2020-02-24 01:36:00 UTC,MW 419,SPL,P1-F3
589,2020-02-24 01:52:00 UTC,MW 192,SPL,P1-F4
590,2020-02-24 02:08:00 UTC,MW 230,SPL,P1-F5
591,2020-02-24 02:23:00 UTC,MW 112,SPL,P1-F6
592,2020-02-24 02:39:00 UTC,MW 348,SPL,P1-F7
593,2020-02-24 02:55:00 UTC,MW 215,SPL,P1-F8
594,2020-02-24 03:11:00 UTC,MW 120,SPL,P1-F9
595,2020-02-24 03:26:00 UTC,TQC051,TQC,P2-A1
596,2020-02-24 03:42:00 UTC,BQC051,BQC,P2-A2
597,2020-02-24 03:58:00 UTC,MW 158,SPL,P2-A3
598,2020-02-24 04:13:00 UTC,MW 102,SPL,P2-A4
599,2020-02-24 04:29:00 UTC,MW 312,SPL,P2-A5
600,2020-02-24 04:45:00 UTC,MW 547,SPL,P2-A6
601,2020-02-24 05:01:00 UTC,MW 234,SPL,P2-A7
602,2020-02-24 05:16:00 UTC,MW 345,SPL,P2-A8
603,2020-02-24 05:32:00 UTC,MW 280,SPL,P2-A9
604,2020-02-24 05:48:00 UTC,MW 387,SPL,P2-B1
605,2020-02-24 06:03:00 UTC,MW 134,SPL,P2-B2
606,2020-02-24 06:19:00 UTC,MW 450,SPL,P2-B3
607,2020-02-24 06:35:00 UTC,MW 523,SPL,P2-B4
608,2020-02-24 06:51:00 UTC,TQC052,TQC,P2-B5
609,2020-02-24 07:06:00 UTC,BQC052,BQC,P2-B6
610,2020-02-24 07:22:00 UTC,MW 105,SPL,P2-B7
611,2020-02-24 07:38:00 UTC,MW 167,SPL,P2-B8
612,2020-02-24 07:53:00 UTC,MW 277,SPL,P2-B9
613,2020-02-24 08:09:00 UTC,MW 570,SPL,P2-C1
614,2020-02-24 08:25:00 UTC,MW 487,SPL,P2-C2
615,2020-02-24 08:40:00 UTC,MW 078,SPL,P2-C3
616,2020-02-24 08:56:00 UTC,MW 549,SPL,P2-C4
617,2020-02-24 09:12:00 UTC,MW 019,SPL,P2-C5
618,2020-02-24 09:28:00 UTC,MW 265,SPL,P2-C6
619,2020-02-24 09:43:00 UTC,MW 494,SPL,P2-C7
620,2020-02-24 09:59:00 UTC,TQC053,TQC,P2-C8
621,2020-02-24 10:15:00 UTC,BQC053,BQC,P2-C9
622,2020-02-24 10:30:00 UTC,MW 417,SPL,P2-D1
623,2020-02-24 10:46:00 UTC,MW 286,SPL,P2-D2
624,2020-02-24 11:02:00 UTC,MW 195,SPL,P2-D3
625,2020-02-24 11:18:00 UTC,MW 313,SPL,P2-D4
626,2020-02-24 11:33:00 UTC,MW 352,SPL,P2-D5
627,2020-02-24 11:49:00 UTC,MW 401,SPL,P2-D6
628,2020-02-24 12:05:00 UTC,MW 519,SPL,P2-D7
629,2020-02-24 12:20:00 UTC,MW 146,SPL,P2-D8
630,2020-02-24 12:36:00 UTC,MW 311,SPL,P2-D9
631,2020-02-24 12:52:00 UTC,TQC054,TQC,P2-E1
632,2020-02-24 13:08:00 UTC,BQC054,BQC,P2-E2
633,2020-02-24 13:23:00 UTC,MW 340,SPL,P2-E3
634,2020-02-24 13:39:00 UTC,MW 541,SPL,P2-E4
635,2020-02-24 13:55:00 UTC,MW 005,SPL,P2-E5
636,2020-02-24 14:10:00 UTC,MW 030,SPL,P2-E6
637,2020-02-24 14:26:00 UTC,MW 503,SPL,P2-E7
638,2020-02-24 14:42:00 UTC,MW 511,SPL,P2-E8
639,2020-02-24 14:57:00 UTC,MW 543,SPL,P2-E9
640,2020-02-24 15:13:00 UTC,MW 571,SPL,P2-F1
641,2020-02-24 15:29:00 UTC,MW 564,SPL,P2-F2
642,2020-02-24 15:45:00 UTC,MW 063,SPL,P2-F3
643,2020-02-24 16:00:00 UTC,MW 212,SPL,P2-F4
644,2020-02-24 16:16:00 UTC,MW 442,SPL,P2-F5
645,2020-02-24 16:32:00 UTC,TQC055,TQC,P2-F6
646,2020-02-24 16:47:00 UTC,BQC055,BQC,P2-F7
647,2020-02-24 17:03:00 UTC,MW 347,SPL,P2-F8
648,2020-02-24 17:19:00 UTC,MW 250,SPL,P2-F9
649,2020-02-24 17:35:00 UTC,MW 476,SPL,P1-A1
650,2020-02-24 17:50:00 UTC,MW 014,SPL,P1-A2
651,2020-02-24 18:06:00 UTC,MW 033,SPL,P1-A3
652,2020-02-24 18:22:00 UTC,MW 314,SPL,P1-A4
653,2020-02-24 18:37:00 UTC,MW 086,SPL,P1-A5
654,2020-02-24 18:53:00 UTC,MW 244,SPL,P1-A6
655,2020-02-24 19:09:00 UTC,MW 379,SPL,P1-A7
656,2020-02-24 19:25:00 UTC,MW 328,SPL,P1-A8
657,2020-02-24 19:40:00 UTC,TQC056,TQC,P1-A9
658,2020-02-24 19:56:00 UTC,BQC056,BQC,P1-B1
659,2020-02-24 20:12:00 UTC,MW 535,SPL,P1-B2
660,2020-02-24 20:27:00 UTC,MW 424,SPL,P1-B3
661,2020-02-24 20:43:00 UTC,MW 203,SPL,P1-B4
662,2020-02-24 20:59:00 UTC,MW 544,SPL,P1-B5
663,2020-02-24 21:15:00 UTC,MW 036,SPL,P1-B6
664,2020-02-24 21:30:00 UTC,MW 261,SPL,P1-B7
665,2020-02-24 21:46:00 UTC,MW 227,SPL,P1-B8
666,2020-02-24 22:02:00 UTC,MW 565,SPL,P1-B9
667,2020-02-24 22:17:00 UTC,MW 097,SPL,P1-C1
668,2020-02-24 22:33:00 UTC,MW 118,SPL,P1-C2
669,2020-02-24 22:49:00 UTC,TQC057,TQC,P1-C3
670,2020-02-24 23:04:00 UTC,BQC057,BQC,P1-C4
671,2020-02-24 23:20:00 UTC,MW 131,SPL,P1-C5
672,2020-02-24 23:36:00 UTC,MW 458,SPL,P1-C6
673,2020-02-24 23:52:00 UTC,MW 066,SPL,P1-C7
674,2020-02-25 00:07:00 UTC,MW 091,SPL,P1-C8
675,2020-02-25 00:23:00 UTC,MW 239,SPL,P1-C9
676,2020-02-25 00:39:00 UTC,MW 004,SPL,P1-D1
677,2020-02-25 00:54:00 UTC,MW 106,SPL,P1-D2
678,2020-02-25 01:10:00 UTC,MW 073,SPL,P1-D3
679,2020-02-25 01:26:00 UTC,MW 395,SPL,P1-D4
680,2020-02-25 01:42:00 UTC,MW 505,SPL,P1-D5
681,2020-02-25 01:57:00 UTC,MW 147,SPL,P1-D6
682,2020-02-25 02:13:00 UTC,TQC058,TQC,P1-D7
683,2020-02-25 02:29:00 UTC,TQC059,TQC,P1-D8
684,2020-02-25 02:44:00 UTC,BQC58,BQC,P1-D9
685,2020-02-25 03:00:00 UTC,BQC59,BQC,P1-E1
686,2020-02-25 03:16:00 UTC,LTR04,LTR,P1-E2
687,2020-02-25 03:31:00 UTC,NIST04,NIST,P1-E3
688,2020-02-25 03:47:00 UTC,PBLK04,PBLK,P1-E4
689,2020-02-25 04:03:00 UTC,Dilutions_150_B,RQC,P1-E5
690,2020-02-25 04:19:00 UTC,Dilutions_100_B,RQC,P1-E6
691,2020-02-25 04:34:00 UTC,Dilutions_80_B,RQC,P1-E7
692,2020-02-25 04:50:00 UTC,Dilutions_60_B,RQC,P1-E8
693,2020-02-25 05:06:00 UTC,Dilutions_40_B,RQC,P1-E9
694,2020-02-25 05:21:00 UTC,Dilutions_20_B,RQC,P1-F1
